BatchID,cell_line,drugA_name,drugA Conc (µM),drugB_name,drugB Conc (µM),combination_name,viability1,viability2,viability3,viability4,mu/muMax,X/X0
1,A2058,5-FU,0.35,ABT-888,0.35,5-FU & ABT-888,0.971,1.090,0.949,0.996,0.992,0.988
1,A2058,5-FU,0.35,ABT-888,1.08,5-FU & ABT-888,1.124,0.180,0.917,0.962,0.968,0.957
1,A2058,5-FU,0.35,ABT-888,3.25,5-FU & ABT-888,1.043,0.878,0.922,0.910,0.955,0.94
1,A2058,5-FU,0.35,ABT-888,10,5-FU & ABT-888,0.919,0.784,0.795,0.788,0.882,0.849
1,A2058,5-FU,1.08,ABT-888,0.35,5-FU & ABT-888,1.029,0.939,0.879,0.992,0.982,0.976
1,A2058,5-FU,1.08,ABT-888,1.08,5-FU & ABT-888,1.007,0.937,0.910,0.949,0.97,0.959
1,A2058,5-FU,1.08,ABT-888,3.25,5-FU & ABT-888,0.816,0.889,0.826,0.972,0.922,0.898
1,A2058,5-FU,1.08,ABT-888,10,5-FU & ABT-888,0.864,0.844,0.824,0.868,0.92,0.895
1,A2058,5-FU,3.25,ABT-888,0.35,5-FU & ABT-888,0.814,0.754,0.765,0.849,0.88,0.847
1,A2058,5-FU,3.25,ABT-888,1.08,5-FU & ABT-888,0.792,0.788,0.840,0.852,0.897,0.867
1,A2058,5-FU,3.25,ABT-888,3.25,5-FU & ABT-888,0.696,0.831,0.690,0.806,0.854,0.817
1,A2058,5-FU,3.25,ABT-888,10,5-FU & ABT-888,0.637,0.678,0.625,0.627,0.767,0.724
1,A2058,5-FU,10,ABT-888,0.35,5-FU & ABT-888,0.543,0.598,0.579,0.622,0.731,0.688
1,A2058,5-FU,10,ABT-888,1.08,5-FU & ABT-888,0.496,0.639,0.536,0.625,0.724,0.682
1,A2058,5-FU,10,ABT-888,3.25,5-FU & ABT-888,0.543,0.553,0.510,0.561,0.694,0.655
1,A2058,5-FU,10,ABT-888,10,5-FU & ABT-888,0.548,0.491,0.410,0.641,0.667,0.631
1,A2058,5-FU,0.35,BEZ-235,0.0045,5-FU & BEZ-235,0.921,0.947,0.915,0.956,0.965,0.953
1,A2058,5-FU,0.35,BEZ-235,0.02,5-FU & BEZ-235,0.801,0.710,0.624,0.598,0.795,0.752
1,A2058,5-FU,0.35,BEZ-235,0.09,5-FU & BEZ-235,0.24,0.194,0.170,0.172,0.138,0.303
1,A2058,5-FU,0.35,BEZ-235,0.4,5-FU & BEZ-235,0.147,0.144,0.152,0.129,0.022,0.258
1,A2058,5-FU,1.08,BEZ-235,0.0045,5-FU & BEZ-235,0.889,0.818,0.920,0.882,0.938,0.918
1,A2058,5-FU,1.08,BEZ-235,0.02,5-FU & BEZ-235,0.605,0.576,0.582,0.608,0.735,0.693
1,A2058,5-FU,1.08,BEZ-235,0.09,5-FU & BEZ-235,0.226,0.219,0.280,0.247,0.269,0.363
1,A2058,5-FU,1.08,BEZ-235,0.4,5-FU & BEZ-235,0.122,0.135,0.166,0.144,0,0.25
1,A2058,5-FU,3.25,BEZ-235,0.0045,5-FU & BEZ-235,0.733,0.742,0.825,0.702,0.845,0.807
1,A2058,5-FU,3.25,BEZ-235,0.02,5-FU & BEZ-235,0.487,0.575,0.567,0.533,0.697,0.657
1,A2058,5-FU,3.25,BEZ-235,0.09,5-FU & BEZ-235,0.201,0.256,0.245,0.213,0.251,0.354
1,A2058,5-FU,3.25,BEZ-235,0.4,5-FU & BEZ-235,0.096,0.143,0.119,0.094,-0.132,0.208
1,A2058,5-FU,10,BEZ-235,0.0045,5-FU & BEZ-235,0.591,0.551,0.539,0.551,0.698,0.658
1,A2058,5-FU,10,BEZ-235,0.02,5-FU & BEZ-235,0.417,0.442,0.352,0.388,0.538,0.527
1,A2058,5-FU,10,BEZ-235,0.09,5-FU & BEZ-235,0.18,0.201,0.209,0.181,0.159,0.312
1,A2058,5-FU,10,BEZ-235,0.4,5-FU & BEZ-235,0.15,0.168,0.134,0.110,0.009,0.253
1,A2058,5-FU,0.35,Bortezomib,0.00045,5-FU & Bortezomib,0.983,0.962,0.950,0.954,0.978,0.97
1,A2058,5-FU,0.35,Bortezomib,0.002,5-FU & Bortezomib,1.09,1.007,1.028,0.967,1.009,1.012
1,A2058,5-FU,0.35,Bortezomib,0.009,5-FU & Bortezomib,0.219,0.147,0.074,0.074,-0.119,0.212
1,A2058,5-FU,0.35,Bortezomib,0.04,5-FU & Bortezomib,0.003,0.002,0.002,0.002,-2.102,0.014
1,A2058,5-FU,1.08,Bortezomib,0.00045,5-FU & Bortezomib,0.946,0.915,0.909,0.954,0.963,0.95
1,A2058,5-FU,1.08,Bortezomib,0.002,5-FU & Bortezomib,1.043,0.862,0.933,0.951,0.97,0.959
1,A2058,5-FU,1.08,Bortezomib,0.009,5-FU & Bortezomib,0.161,0.107,0.122,0.114,-0.084,0.222
1,A2058,5-FU,1.08,Bortezomib,0.04,5-FU & Bortezomib,0.005,0.004,0.003,0.002,-1.934,0.017
1,A2058,5-FU,3.25,Bortezomib,0.00045,5-FU & Bortezomib,0.849,0.816,0.910,0.772,0.907,0.879
1,A2058,5-FU,3.25,Bortezomib,0.002,5-FU & Bortezomib,0.897,0.758,0.850,0.832,0.912,0.885
1,A2058,5-FU,3.25,Bortezomib,0.009,5-FU & Bortezomib,0.134,0.055,0.143,0.135,-0.018,0.244
1,A2058,5-FU,3.25,Bortezomib,0.04,5-FU & Bortezomib,0.004,0.003,0.002,0.004,-1.901,0.018
1,A2058,5-FU,10,Bortezomib,0.00045,5-FU & Bortezomib,0.634,0.517,0.551,0.595,0.717,0.676
1,A2058,5-FU,10,Bortezomib,0.002,5-FU & Bortezomib,0.578,0.612,0.573,0.644,0.736,0.694
1,A2058,5-FU,10,Bortezomib,0.009,5-FU & Bortezomib,0.172,0.095,0.060,0.110,-0.156,0.201
1,A2058,5-FU,10,Bortezomib,0.04,5-FU & Bortezomib,0.004,0.002,0.002,0.004,-1.926,0.017
1,A2058,5-FU,0.35,Dasatinib,0.024,5-FU & Dasatinib,0.798,0.778,0.946,0.312,0.879,0.846
1,A2058,5-FU,0.35,Dasatinib,0.12,5-FU & Dasatinib,0.771,0.638,0.827,0.759,0.864,0.828
1,A2058,5-FU,0.35,Dasatinib,0.6,5-FU & Dasatinib,0.904,0.764,0.938,0.898,0.947,0.929
1,A2058,5-FU,0.35,Dasatinib,3,5-FU & Dasatinib,0.791,0.793,0.925,0.760,0.882,0.849
1,A2058,5-FU,1.08,Dasatinib,0.024,5-FU & Dasatinib,0.828,0.793,0.875,0.787,0.893,0.862
1,A2058,5-FU,1.08,Dasatinib,0.12,5-FU & Dasatinib,0.715,0.520,0.746,0.759,0.841,0.802
1,A2058,5-FU,1.08,Dasatinib,0.6,5-FU & Dasatinib,0.769,0.831,0.649,0.794,0.875,0.841
1,A2058,5-FU,1.08,Dasatinib,3,5-FU & Dasatinib,0.792,0.712,0.656,0.798,0.855,0.818
1,A2058,5-FU,3.25,Dasatinib,0.024,5-FU & Dasatinib,0.737,0.705,0.207,0.614,0.789,0.746
1,A2058,5-FU,3.25,Dasatinib,0.12,5-FU & Dasatinib,0.746,0.545,0.621,0.663,0.775,0.732
1,A2058,5-FU,3.25,Dasatinib,0.6,5-FU & Dasatinib,0.712,0.630,0.697,0.649,0.799,0.757
1,A2058,5-FU,3.25,Dasatinib,3,5-FU & Dasatinib,0.642,0.707,0.663,0.616,0.783,0.74
1,A2058,5-FU,10,Dasatinib,0.024,5-FU & Dasatinib,0.464,0.506,0.479,0.459,0.618,0.589
1,A2058,5-FU,10,Dasatinib,0.12,5-FU & Dasatinib,0.475,0.489,0.529,0.440,0.629,0.598
1,A2058,5-FU,10,Dasatinib,0.6,5-FU & Dasatinib,0.512,0.457,0.500,0.474,0.635,0.603
1,A2058,5-FU,10,Dasatinib,3,5-FU & Dasatinib,0.388,0.418,0.390,0.454,0.54,0.528
1,A2058,5-FU,0.35,L778123,0.325,5-FU & L778123,1.117,1.020,0.920,0.927,0.986,0.981
1,A2058,5-FU,0.35,L778123,0.8,5-FU & L778123,0.901,0.834,0.826,0.827,0.906,0.878
1,A2058,5-FU,0.35,L778123,2,5-FU & L778123,0.766,0.718,0.731,0.652,0.836,0.797
1,A2058,5-FU,0.35,L778123,5,5-FU & L778123,0.573,0.592,0.546,0.547,0.706,0.665
1,A2058,5-FU,1.08,L778123,0.325,5-FU & L778123,0.866,0.889,0.914,0.855,0.934,0.912
1,A2058,5-FU,1.08,L778123,0.8,5-FU & L778123,0.785,0.823,0.764,0.802,0.882,0.85
1,A2058,5-FU,1.08,L778123,2,5-FU & L778123,0.699,0.698,0.666,0.668,0.807,0.765
1,A2058,5-FU,1.08,L778123,5,5-FU & L778123,0.492,0.617,0.480,0.510,0.649,0.615
1,A2058,5-FU,3.25,L778123,0.325,5-FU & L778123,0.725,0.710,0.747,0.648,0.832,0.792
1,A2058,5-FU,3.25,L778123,0.8,5-FU & L778123,0.761,0.598,0.599,0.675,0.771,0.728
1,A2058,5-FU,3.25,L778123,2,5-FU & L778123,0.606,0.530,0.621,0.536,0.716,0.675
1,A2058,5-FU,3.25,L778123,5,5-FU & L778123,0.535,0.424,0.449,0.450,0.594,0.57
1,A2058,5-FU,10,L778123,0.325,5-FU & L778123,0.59,0.593,0.497,0.527,0.704,0.664
1,A2058,5-FU,10,L778123,0.8,5-FU & L778123,0.44,0.423,0.529,0.566,0.632,0.601
1,A2058,5-FU,10,L778123,2,5-FU & L778123,0.501,0.373,0.392,0.503,0.591,0.567
1,A2058,5-FU,10,L778123,5,5-FU & L778123,0.402,0.355,0.291,0.413,0.507,0.505
1,A2058,5-FU,0.35,geldanamycin,0.0223,5-FU & geldanamycin,1.023,1.018,0.912,0.897,0.982,0.975
1,A2058,5-FU,0.35,geldanamycin,0.1,5-FU & geldanamycin,0.41,0.296,0.364,0.363,0.486,0.49
1,A2058,5-FU,0.35,geldanamycin,0.45,5-FU & geldanamycin,0.111,0.112,0.122,0.086,-0.113,0.214
1,A2058,5-FU,0.35,geldanamycin,2,5-FU & geldanamycin,0.096,0.065,0.112,0.088,-0.21,0.187
1,A2058,5-FU,1.08,geldanamycin,0.0223,5-FU & geldanamycin,0.925,0.909,0.887,0.783,0.945,0.927
1,A2058,5-FU,1.08,geldanamycin,0.1,5-FU & geldanamycin,0.309,0.317,0.401,0.386,0.469,0.479
1,A2058,5-FU,1.08,geldanamycin,0.45,5-FU & geldanamycin,0.115,0.098,0.120,0.113,-0.101,0.217
1,A2058,5-FU,1.08,geldanamycin,2,5-FU & geldanamycin,0.085,0.070,0.096,0.151,-0.221,0.184
1,A2058,5-FU,3.25,geldanamycin,0.0223,5-FU & geldanamycin,0.809,0.832,0.847,0.833,0.907,0.879
1,A2058,5-FU,3.25,geldanamycin,0.1,5-FU & geldanamycin,0.425,0.371,0.275,0.405,0.52,0.514
1,A2058,5-FU,3.25,geldanamycin,0.45,5-FU & geldanamycin,0.123,0.123,0.107,0.111,-0.09,0.221
1,A2058,5-FU,3.25,geldanamycin,2,5-FU & geldanamycin,0.109,0.103,0.089,0.106,-0.148,0.204
1,A2058,5-FU,10,geldanamycin,0.0223,5-FU & geldanamycin,0.625,0.581,0.576,0.544,0.722,0.68
1,A2058,5-FU,10,geldanamycin,0.1,5-FU & geldanamycin,0.495,0.463,0.343,0.308,0.539,0.527
1,A2058,5-FU,10,geldanamycin,0.45,5-FU & geldanamycin,0.125,0.130,0.125,0.115,-0.055,0.232
1,A2058,5-FU,10,geldanamycin,2,5-FU & geldanamycin,0.122,0.144,0.107,0.138,-0.037,0.238
1,A2058,5-FU,0.35,Lapatinib,0.055,5-FU & Lapatinib,0.986,0.972,0.995,1.058,0.995,0.993
1,A2058,5-FU,0.35,Lapatinib,0.245,5-FU & Lapatinib,1.045,1.010,0.945,0.972,0.995,0.994
1,A2058,5-FU,0.35,Lapatinib,1.1,5-FU & Lapatinib,0.999,1.032,0.942,0.977,0.994,0.991
1,A2058,5-FU,0.35,Lapatinib,5,5-FU & Lapatinib,0.598,0.551,0.641,0.688,0.757,0.714
1,A2058,5-FU,1.08,Lapatinib,0.055,5-FU & Lapatinib,0.982,0.945,0.837,0.982,0.981,0.974
1,A2058,5-FU,1.08,Lapatinib,0.245,5-FU & Lapatinib,0.935,0.911,0.909,0.918,0.954,0.939
1,A2058,5-FU,1.08,Lapatinib,1.1,5-FU & Lapatinib,0.747,0.883,0.825,0.915,0.92,0.895
1,A2058,5-FU,1.08,Lapatinib,5,5-FU & Lapatinib,0.289,0.403,0.444,0.726,0.564,0.546
1,A2058,5-FU,3.25,Lapatinib,0.055,5-FU & Lapatinib,0.881,0.830,0.365,0.747,0.879,0.846
1,A2058,5-FU,3.25,Lapatinib,0.245,5-FU & Lapatinib,0.743,0.784,0.828,0.704,0.863,0.827
1,A2058,5-FU,3.25,Lapatinib,1.1,5-FU & Lapatinib,0.706,0.838,0.743,0.695,0.836,0.797
1,A2058,5-FU,3.25,Lapatinib,5,5-FU & Lapatinib,0.51,0.466,0.302,0.368,0.555,0.54
1,A2058,5-FU,10,Lapatinib,0.055,5-FU & Lapatinib,0.559,0.563,0.551,0.475,0.701,0.661
1,A2058,5-FU,10,Lapatinib,0.245,5-FU & Lapatinib,0.555,0.535,0.504,0.537,0.683,0.645
1,A2058,5-FU,10,Lapatinib,1.1,5-FU & Lapatinib,0.537,0.562,0.482,0.547,0.689,0.65
1,A2058,5-FU,10,Lapatinib,5,5-FU & Lapatinib,0.409,0.433,0.200,0.293,0.468,0.478
1,A2058,5-FU,0.35,PD325901,0.0011,5-FU & PD325901,1.082,1.060,0.970,0.977,1.009,1.013
1,A2058,5-FU,0.35,PD325901,0.005,5-FU & PD325901,1.012,0.964,0.911,0.912,0.968,0.956
1,A2058,5-FU,0.35,PD325901,0.0223,5-FU & PD325901,0.826,0.891,0.692,0.050,0.86,0.824
1,A2058,5-FU,0.35,PD325901,0.1,5-FU & PD325901,0.489,0.586,0.531,0.600,0.704,0.664
1,A2058,5-FU,1.08,PD325901,0.0011,5-FU & PD325901,1.043,0.926,1.025,0.916,0.987,0.983
1,A2058,5-FU,1.08,PD325901,0.005,5-FU & PD325901,0.952,0.911,0.907,0.892,0.952,0.935
1,A2058,5-FU,1.08,PD325901,0.0223,5-FU & PD325901,0.753,0.757,0.751,0.731,0.856,0.818
1,A2058,5-FU,1.08,PD325901,0.1,5-FU & PD325901,0.512,0.534,0.494,0.440,0.651,0.616
1,A2058,5-FU,3.25,PD325901,0.0011,5-FU & PD325901,0.843,0.804,0.827,0.824,0.903,0.874
1,A2058,5-FU,3.25,PD325901,0.005,5-FU & PD325901,0.787,0.788,0.810,0.735,0.879,0.845
1,A2058,5-FU,3.25,PD325901,0.0223,5-FU & PD325901,0.655,0.655,0.646,0.651,0.784,0.741
1,A2058,5-FU,3.25,PD325901,0.1,5-FU & PD325901,0.495,0.575,0.423,0.466,0.628,0.597
1,A2058,5-FU,10,PD325901,0.0011,5-FU & PD325901,0.592,0.601,0.643,0.512,0.738,0.695
1,A2058,5-FU,10,PD325901,0.005,5-FU & PD325901,0.577,0.548,0.512,0.552,0.697,0.657
1,A2058,5-FU,10,PD325901,0.0223,5-FU & PD325901,0.505,0.500,0.552,0.523,0.662,0.626
1,A2058,5-FU,10,PD325901,0.1,5-FU & PD325901,0.452,0.372,0.388,0.361,0.509,0.506
1,A2058,5-FU,0.35,AZD1775,0.0325,5-FU & AZD1775,0.893,1.106,0.907,1.029,0.984,0.977
1,A2058,5-FU,0.35,AZD1775,0.08,5-FU & AZD1775,0.889,0.955,0.929,0.890,0.952,0.935
1,A2058,5-FU,0.35,AZD1775,0.2,5-FU & AZD1775,0.299,0.503,0.479,0.631,0.639,0.606
1,A2058,5-FU,0.35,AZD1775,0.5,5-FU & AZD1775,0.106,0.128,0.132,0.102,-0.09,0.221
1,A2058,5-FU,1.08,AZD1775,0.0325,5-FU & AZD1775,0.652,0.988,0.520,0.912,0.875,0.841
1,A2058,5-FU,1.08,AZD1775,0.08,5-FU & AZD1775,0.499,0.897,0.525,0.913,0.827,0.786
1,A2058,5-FU,1.08,AZD1775,0.2,5-FU & AZD1775,0.076,0.329,0.318,0.447,0.427,0.452
1,A2058,5-FU,1.08,AZD1775,0.5,5-FU & AZD1775,0.101,0.124,0.101,0.084,-0.163,0.199
1,A2058,5-FU,3.25,AZD1775,0.0325,5-FU & AZD1775,0.679,0.795,0.731,0.700,0.83,0.79
1,A2058,5-FU,3.25,AZD1775,0.08,5-FU & AZD1775,0.667,0.734,0.596,0.613,0.773,0.73
1,A2058,5-FU,3.25,AZD1775,0.2,5-FU & AZD1775,0.419,0.426,0.339,0.463,0.563,0.545
1,A2058,5-FU,3.25,AZD1775,0.5,5-FU & AZD1775,0.097,0.146,0.100,0.109,-0.148,0.204
1,A2058,5-FU,10,AZD1775,0.0325,5-FU & AZD1775,0.681,0.590,0.536,0.576,0.726,0.684
1,A2058,5-FU,10,AZD1775,0.08,5-FU & AZD1775,0.584,0.518,0.526,0.526,0.674,0.636
1,A2058,5-FU,10,AZD1775,0.2,5-FU & AZD1775,0.409,0.309,0.365,0.370,0.492,0.494
1,A2058,5-FU,10,AZD1775,0.5,5-FU & AZD1775,0.114,0.095,0.155,0.146,-0.034,0.238
1,A2058,5-FU,0.35,MK-2206,0.045,5-FU & MK-2206,0.95,0.958,0.927,1.057,0.976,0.968
1,A2058,5-FU,0.35,MK-2206,0.2,5-FU & MK-2206,0.877,0.916,0.946,0.926,0.958,0.944
1,A2058,5-FU,0.35,MK-2206,0.9,5-FU & MK-2206,0.709,0.925,0.905,0.839,0.93,0.908
1,A2058,5-FU,0.35,MK-2206,4,5-FU & MK-2206,0.391,0.643,0.629,0.539,0.727,0.685
1,A2058,5-FU,1.08,MK-2206,0.045,5-FU & MK-2206,0.723,0.965,0.887,0.976,0.961,0.947
1,A2058,5-FU,1.08,MK-2206,0.2,5-FU & MK-2206,0.694,0.936,0.767,0.959,0.918,0.893
1,A2058,5-FU,1.08,MK-2206,0.9,5-FU & MK-2206,0.43,0.838,0.737,0.711,0.836,0.797
1,A2058,5-FU,1.08,MK-2206,4,5-FU & MK-2206,0.368,0.518,0.472,0.494,0.63,0.599
1,A2058,5-FU,3.25,MK-2206,0.045,5-FU & MK-2206,0.833,0.823,0.650,0.438,0.845,0.806
1,A2058,5-FU,3.25,MK-2206,0.2,5-FU & MK-2206,0.732,0.798,0.644,0.841,0.864,0.828
1,A2058,5-FU,3.25,MK-2206,0.9,5-FU & MK-2206,0.602,0.638,0.516,0.573,0.73,0.687
1,A2058,5-FU,3.25,MK-2206,4,5-FU & MK-2206,0.483,0.461,0.474,0.386,0.614,0.586
1,A2058,5-FU,10,MK-2206,0.045,5-FU & MK-2206,0.509,0.516,0.609,0.491,0.66,0.625
1,A2058,5-FU,10,MK-2206,0.2,5-FU & MK-2206,0.52,0.519,0.553,0.449,0.668,0.631
1,A2058,5-FU,10,MK-2206,0.9,5-FU & MK-2206,0.509,0.431,0.495,0.382,0.609,0.582
1,A2058,5-FU,10,MK-2206,4,5-FU & MK-2206,0.363,0.267,0.360,0.379,0.484,0.489
1,A2058,5-FU,0.35,MK-4827,0.223,5-FU & MK-4827,0.881,0.960,0.846,0.993,0.958,0.943
1,A2058,5-FU,0.35,MK-4827,0.775,5-FU & MK-4827,0.552,0.536,0.461,0.541,0.685,0.647
1,A2058,5-FU,0.35,MK-4827,2.75,5-FU & MK-4827,0.123,0.134,0.131,0.150,-0.026,0.241
1,A2058,5-FU,0.35,MK-4827,10,5-FU & MK-4827,0.2,0.278,0.242,0.259,0.297,0.377
1,A2058,5-FU,1.08,MK-4827,0.223,5-FU & MK-4827,0.794,0.851,0.856,0.823,0.91,0.882
1,A2058,5-FU,1.08,MK-4827,0.775,5-FU & MK-4827,0.56,0.529,0.555,0.494,0.689,0.65
1,A2058,5-FU,1.08,MK-4827,2.75,5-FU & MK-4827,0.179,0.167,0.175,0.149,0.103,0.289
1,A2058,5-FU,1.08,MK-4827,10,5-FU & MK-4827,0.19,0.274,0.279,0.250,0.32,0.39
1,A2058,5-FU,3.25,MK-4827,0.223,5-FU & MK-4827,0.735,0.697,0.723,0.794,0.839,0.8
1,A2058,5-FU,3.25,MK-4827,0.775,5-FU & MK-4827,0.481,0.423,0.400,0.439,0.573,0.553
1,A2058,5-FU,3.25,MK-4827,2.75,5-FU & MK-4827,0.147,0.214,0.227,0.292,0.232,0.345
1,A2058,5-FU,3.25,MK-4827,10,5-FU & MK-4827,0.197,0.312,0.296,0.300,0.385,0.426
1,A2058,5-FU,10,MK-4827,0.223,5-FU & MK-4827,0.508,0.417,0.580,0.543,0.673,0.636
1,A2058,5-FU,10,MK-4827,0.775,5-FU & MK-4827,0.424,0.441,0.359,0.393,0.546,0.533
1,A2058,5-FU,10,MK-4827,2.75,5-FU & MK-4827,0.271,0.205,0.234,0.261,0.291,0.374
1,A2058,5-FU,10,MK-4827,10,5-FU & MK-4827,0.584,0.318,0.289,0.254,0.395,0.432
1,A2058,5-FU,0.35,MK-5108,0.075,5-FU & MK-5108,0.913,1.056,0.984,0.943,0.981,0.974
1,A2058,5-FU,0.35,MK-5108,0.225,5-FU & MK-5108,0.825,0.951,1.041,0.981,0.982,0.976
1,A2058,5-FU,0.35,MK-5108,0.675,5-FU & MK-5108,0.772,0.958,0.918,0.899,0.951,0.934
1,A2058,5-FU,0.35,MK-5108,2,5-FU & MK-5108,0.316,0.247,0.355,0.332,0.428,0.453
1,A2058,5-FU,1.08,MK-5108,0.075,5-FU & MK-5108,0.662,1.019,0.852,0.915,0.937,0.916
1,A2058,5-FU,1.08,MK-5108,0.225,5-FU & MK-5108,0.632,1.021,0.918,0.920,0.957,0.942
1,A2058,5-FU,1.08,MK-5108,0.675,5-FU & MK-5108,0.47,0.802,0.768,0.774,0.868,0.833
1,A2058,5-FU,1.08,MK-5108,2,5-FU & MK-5108,0.226,0.289,0.283,0.382,0.365,0.415
1,A2058,5-FU,3.25,MK-5108,0.075,5-FU & MK-5108,0.85,0.813,0.641,0.749,0.874,0.84
1,A2058,5-FU,3.25,MK-5108,0.225,5-FU & MK-5108,0.762,0.769,0.652,0.735,0.853,0.816
1,A2058,5-FU,3.25,MK-5108,0.675,5-FU & MK-5108,0.74,0.072,0.520,0.580,0.696,0.656
1,A2058,5-FU,3.25,MK-5108,2,5-FU & MK-5108,0.282,0.259,0.299,0.241,0.336,0.399
1,A2058,5-FU,10,MK-5108,0.075,5-FU & MK-5108,0.535,0.596,0.529,0.515,0.68,0.642
1,A2058,5-FU,10,MK-5108,0.225,5-FU & MK-5108,0.136,0.454,0.532,0.484,0.616,0.587
1,A2058,5-FU,10,MK-5108,0.675,5-FU & MK-5108,0.474,0.460,0.433,0.441,0.595,0.571
1,A2058,5-FU,10,MK-5108,2,5-FU & MK-5108,0.315,0.235,0.148,0.303,0.333,0.397
1,A2058,5-FU,0.35,MK-8669,0.00011,5-FU & MK-8669,0.933,0.944,1.049,0.874,0.968,0.957
1,A2058,5-FU,0.35,MK-8669,5e-04,5-FU & MK-8669,0.858,0.882,0.826,0.793,0.913,0.886
1,A2058,5-FU,0.35,MK-8669,0.00223,5-FU & MK-8669,0.66,0.632,0.669,0.650,0.785,0.743
1,A2058,5-FU,0.35,MK-8669,0.01,5-FU & MK-8669,0.611,0.561,0.576,0.500,0.714,0.672
1,A2058,5-FU,1.08,MK-8669,0.00011,5-FU & MK-8669,0.716,0.960,0.875,0.952,0.954,0.938
1,A2058,5-FU,1.08,MK-8669,5e-04,5-FU & MK-8669,0.66,0.828,0.708,0.766,0.845,0.807
1,A2058,5-FU,1.08,MK-8669,0.00223,5-FU & MK-8669,0.293,0.691,0.585,0.536,0.706,0.666
1,A2058,5-FU,1.08,MK-8669,0.01,5-FU & MK-8669,0.562,0.630,0.522,0.514,0.689,0.65
1,A2058,5-FU,3.25,MK-8669,0.00011,5-FU & MK-8669,0.714,0.707,0.741,0.786,0.839,0.8
1,A2058,5-FU,3.25,MK-8669,5e-04,5-FU & MK-8669,0.567,0.659,0.463,0.613,0.732,0.69
1,A2058,5-FU,3.25,MK-8669,0.00223,5-FU & MK-8669,0.572,0.532,0.497,0.518,0.673,0.635
1,A2058,5-FU,3.25,MK-8669,0.01,5-FU & MK-8669,0.547,0.495,0.474,0.440,0.632,0.6
1,A2058,5-FU,10,MK-8669,0.00011,5-FU & MK-8669,0.557,0.547,0.572,0.562,0.705,0.665
1,A2058,5-FU,10,MK-8669,5e-04,5-FU & MK-8669,0.464,0.482,0.492,0.461,0.62,0.591
1,A2058,5-FU,10,MK-8669,0.00223,5-FU & MK-8669,0.427,0.306,0.345,0.397,0.497,0.498
1,A2058,5-FU,10,MK-8669,0.01,5-FU & MK-8669,0.37,0.368,0.397,0.362,0.494,0.496
1,A2058,5-FU,0.35,Dinaciclib,0.000925,5-FU & Dinaciclib,0.857,0.931,1.010,1.030,0.985,0.979
1,A2058,5-FU,0.35,Dinaciclib,0.00325,5-FU & Dinaciclib,0.872,0.856,0.989,0.995,0.963,0.95
1,A2058,5-FU,0.35,Dinaciclib,0.0115,5-FU & Dinaciclib,0.497,0.500,0.466,0.452,0.629,0.598
1,A2058,5-FU,0.35,Dinaciclib,0.04,5-FU & Dinaciclib,0.027,0.030,0.026,0.030,-0.805,0.082
1,A2058,5-FU,1.08,Dinaciclib,0.000925,5-FU & Dinaciclib,0.563,0.929,0.913,1.011,0.958,0.944
1,A2058,5-FU,1.08,Dinaciclib,0.00325,5-FU & Dinaciclib,0.673,0.896,0.874,0.936,0.938,0.918
1,A2058,5-FU,1.08,Dinaciclib,0.0115,5-FU & Dinaciclib,0.334,0.442,0.392,0.488,0.556,0.541
1,A2058,5-FU,1.08,Dinaciclib,0.04,5-FU & Dinaciclib,0.03,0.027,0.026,0.026,-0.838,0.078
1,A2058,5-FU,3.25,Dinaciclib,0.000925,5-FU & Dinaciclib,0.83,0.861,0.829,0.741,0.905,0.877
1,A2058,5-FU,3.25,Dinaciclib,0.00325,5-FU & Dinaciclib,0.732,0.831,0.743,0.754,0.853,0.815
1,A2058,5-FU,3.25,Dinaciclib,0.0115,5-FU & Dinaciclib,0.304,0.313,0.465,0.347,0.437,0.458
1,A2058,5-FU,3.25,Dinaciclib,0.04,5-FU & Dinaciclib,0.029,0.028,0.027,0.020,-0.826,0.08
1,A2058,5-FU,10,Dinaciclib,0.000925,5-FU & Dinaciclib,0.548,0.566,0.500,0.661,0.703,0.662
1,A2058,5-FU,10,Dinaciclib,0.00325,5-FU & Dinaciclib,0.542,0.566,0.503,0.622,0.7,0.66
1,A2058,5-FU,10,Dinaciclib,0.0115,5-FU & Dinaciclib,0.258,0.277,0.275,0.268,0.337,0.399
1,A2058,5-FU,10,Dinaciclib,0.04,5-FU & Dinaciclib,0.021,0.026,0.021,0.017,-0.963,0.066
1,A2058,5-FU,0.35,MK-8776,0.0925,5-FU & MK-8776,0.961,0.984,0.981,0.895,0.985,0.979
1,A2058,5-FU,0.35,MK-8776,0.325,5-FU & MK-8776,0.707,0.877,0.801,0.817,0.892,0.861
1,A2058,5-FU,0.35,MK-8776,1.15,5-FU & MK-8776,0.472,0.535,0.613,0.642,0.718,0.677
1,A2058,5-FU,0.35,MK-8776,4,5-FU & MK-8776,0.538,0.651,0.606,0.664,0.764,0.721
1,A2058,5-FU,1.08,MK-8776,0.0925,5-FU & MK-8776,0.637,0.893,0.926,0.915,0.949,0.931
1,A2058,5-FU,1.08,MK-8776,0.325,5-FU & MK-8776,0.42,0.732,0.748,0.764,0.847,0.809
1,A2058,5-FU,1.08,MK-8776,1.15,5-FU & MK-8776,0.26,0.583,0.755,0.404,0.641,0.608
1,A2058,5-FU,1.08,MK-8776,4,5-FU & MK-8776,0.253,0.445,0.660,0.480,0.609,0.581
1,A2058,5-FU,3.25,MK-8776,0.0925,5-FU & MK-8776,0.738,0.813,0.751,0.728,0.85,0.812
1,A2058,5-FU,3.25,MK-8776,0.325,5-FU & MK-8776,0.69,0.692,0.468,0.455,0.723,0.681
1,A2058,5-FU,3.25,MK-8776,1.15,5-FU & MK-8776,0.333,0.395,0.277,0.318,0.431,0.454
1,A2058,5-FU,3.25,MK-8776,4,5-FU & MK-8776,0.464,0.463,0.416,0.448,0.601,0.575
1,A2058,5-FU,10,MK-8776,0.0925,5-FU & MK-8776,0.517,0.649,0.556,0.575,0.711,0.67
1,A2058,5-FU,10,MK-8776,0.325,5-FU & MK-8776,0.471,0.498,0.329,0.393,0.574,0.554
1,A2058,5-FU,10,MK-8776,1.15,5-FU & MK-8776,0.278,0.282,0.272,0.240,0.345,0.403
1,A2058,5-FU,10,MK-8776,4,5-FU & MK-8776,0.318,0.321,0.234,0.304,0.407,0.44
1,A2058,5-FU,0.35,Sorafenib,2.5,5-FU & Sorafenib,1.027,0.967,1.134,0.240,0.998,0.998
1,A2058,5-FU,0.35,Sorafenib,5,5-FU & Sorafenib,1.02,0.962,1.057,1.013,1.008,1.011
1,A2058,5-FU,0.35,Sorafenib,10,5-FU & Sorafenib,0.694,0.472,0.889,0.538,0.754,0.711
1,A2058,5-FU,0.35,Sorafenib,20,5-FU & Sorafenib,0.062,0.068,0.048,0.068,-0.387,0.146
1,A2058,5-FU,1.08,Sorafenib,2.5,5-FU & Sorafenib,0.981,0.990,0.965,0.902,0.986,0.981
1,A2058,5-FU,1.08,Sorafenib,5,5-FU & Sorafenib,0.955,0.971,0.931,0.919,0.97,0.959
1,A2058,5-FU,1.08,Sorafenib,10,5-FU & Sorafenib,0.492,0.251,0.431,0.538,0.607,0.58
1,A2058,5-FU,1.08,Sorafenib,20,5-FU & Sorafenib,0.081,0.089,0.091,0.071,-0.25,0.177
1,A2058,5-FU,3.25,Sorafenib,2.5,5-FU & Sorafenib,0.884,0.257,0.805,0.840,0.901,0.871
1,A2058,5-FU,3.25,Sorafenib,5,5-FU & Sorafenib,0.765,0.401,0.681,0.902,0.835,0.796
1,A2058,5-FU,3.25,Sorafenib,10,5-FU & Sorafenib,0.62,0.383,0.538,0.534,0.683,0.645
1,A2058,5-FU,3.25,Sorafenib,20,5-FU & Sorafenib,0.101,0.087,0.067,0.088,-0.238,0.18
1,A2058,5-FU,10,Sorafenib,2.5,5-FU & Sorafenib,0.565,0.491,0.540,0.577,0.699,0.659
1,A2058,5-FU,10,Sorafenib,5,5-FU & Sorafenib,0.571,0.564,0.539,0.502,0.698,0.658
1,A2058,5-FU,10,Sorafenib,10,5-FU & Sorafenib,0.49,0.377,0.323,0.510,0.576,0.556
1,A2058,5-FU,10,Sorafenib,20,5-FU & Sorafenib,0.078,0.065,0.052,0.072,-0.36,0.152
1,A2058,5-FU,0.35,Sunitinib,0.625,5-FU & Sunitinib,1.001,0.312,1.021,1.056,1.006,1.008
1,A2058,5-FU,0.35,Sunitinib,1.25,5-FU & Sunitinib,0.739,0.673,0.762,0.747,0.849,0.811
1,A2058,5-FU,0.35,Sunitinib,2.5,5-FU & Sunitinib,0.549,0.453,0.411,0.467,0.606,0.579
1,A2058,5-FU,0.35,Sunitinib,5,5-FU & Sunitinib,0.044,0.104,0.102,0.014,-0.331,0.158
1,A2058,5-FU,1.08,Sunitinib,0.625,5-FU & Sunitinib,0.791,0.779,0.855,0.938,0.901,0.872
1,A2058,5-FU,1.08,Sunitinib,1.25,5-FU & Sunitinib,0.687,0.535,0.679,0.631,0.785,0.742
1,A2058,5-FU,1.08,Sunitinib,2.5,5-FU & Sunitinib,0.432,0.424,0.487,0.378,0.569,0.55
1,A2058,5-FU,1.08,Sunitinib,5,5-FU & Sunitinib,0.093,0.031,0.054,0.418,-0.326,0.159
1,A2058,5-FU,3.25,Sunitinib,0.625,5-FU & Sunitinib,0.731,0.660,0.736,0.621,0.816,0.775
1,A2058,5-FU,3.25,Sunitinib,1.25,5-FU & Sunitinib,0.534,0.482,0.512,0.505,0.657,0.621
1,A2058,5-FU,3.25,Sunitinib,2.5,5-FU & Sunitinib,0.422,0.390,0.330,0.388,0.521,0.515
1,A2058,5-FU,3.25,Sunitinib,5,5-FU & Sunitinib,0.034,0.035,0.024,0.033,-0.725,0.092
1,A2058,5-FU,10,Sunitinib,0.625,5-FU & Sunitinib,0.53,0.582,0.534,0.534,0.682,0.643
1,A2058,5-FU,10,Sunitinib,1.25,5-FU & Sunitinib,0.453,0.385,0.418,0.450,0.577,0.556
1,A2058,5-FU,10,Sunitinib,2.5,5-FU & Sunitinib,0.364,0.227,0.307,0.294,0.389,0.429
1,A2058,5-FU,10,Sunitinib,5,5-FU & Sunitinib,0.134,0.019,0.056,0.005,-0.67,0.099
1,A2058,5-FU,0.35,Erlotinib,0.055,5-FU & Erlotinib,0.154,1.003,1.037,0.195,0.74,0.697
1,A2058,5-FU,0.35,Erlotinib,0.245,5-FU & Erlotinib,0.224,0.995,0.921,1.019,0.978,0.97
1,A2058,5-FU,0.35,Erlotinib,1.1,5-FU & Erlotinib,0.869,0.897,0.898,0.951,0.945,0.927
1,A2058,5-FU,0.35,Erlotinib,5,5-FU & Erlotinib,0.541,0.499,0.469,0.479,0.636,0.604
1,A2058,5-FU,1.08,Erlotinib,0.055,5-FU & Erlotinib,0.866,0.879,0.951,1.032,0.955,0.939
1,A2058,5-FU,1.08,Erlotinib,0.245,5-FU & Erlotinib,0.871,0.561,0.908,0.918,0.94,0.921
1,A2058,5-FU,1.08,Erlotinib,1.1,5-FU & Erlotinib,0.826,0.845,0.846,0.837,0.912,0.885
1,A2058,5-FU,1.08,Erlotinib,5,5-FU & Erlotinib,0.447,0.470,0.553,0.493,0.629,0.598
1,A2058,5-FU,3.25,Erlotinib,0.055,5-FU & Erlotinib,0.791,0.806,0.780,0.741,0.878,0.844
1,A2058,5-FU,3.25,Erlotinib,0.245,5-FU & Erlotinib,0.841,0.814,0.745,0.679,0.874,0.839
1,A2058,5-FU,3.25,Erlotinib,1.1,5-FU & Erlotinib,0.663,0.549,0.501,0.449,0.673,0.635
1,A2058,5-FU,3.25,Erlotinib,5,5-FU & Erlotinib,0.326,0.317,0.318,0.357,0.425,0.45
1,A2058,5-FU,10,Erlotinib,0.055,5-FU & Erlotinib,0.548,0.597,0.390,0.480,0.662,0.626
1,A2058,5-FU,10,Erlotinib,0.245,5-FU & Erlotinib,0.552,0.503,0.384,0.508,0.654,0.619
1,A2058,5-FU,10,Erlotinib,1.1,5-FU & Erlotinib,0.478,0.454,0.327,0.492,0.612,0.584
1,A2058,5-FU,10,Erlotinib,5,5-FU & Erlotinib,0.379,0.337,0.259,0.315,0.431,0.454
1,A2058,5-FU,0.35,Temozolomide,2.75,5-FU & Temozolomide,0.991,0.946,0.855,0.945,0.972,0.961
1,A2058,5-FU,0.35,Temozolomide,12.3,5-FU & Temozolomide,0.654,0.657,0.569,0.477,0.75,0.708
1,A2058,5-FU,0.35,Temozolomide,55,5-FU & Temozolomide,0.497,0.503,0.465,0.557,0.648,0.614
1,A2058,5-FU,0.35,Temozolomide,250,5-FU & Temozolomide,0.342,0.228,0.413,0.369,0.474,0.483
1,A2058,5-FU,1.08,Temozolomide,2.75,5-FU & Temozolomide,0.879,0.893,0.847,0.747,0.925,0.902
1,A2058,5-FU,1.08,Temozolomide,12.3,5-FU & Temozolomide,0.627,0.581,0.631,0.527,0.744,0.701
1,A2058,5-FU,1.08,Temozolomide,55,5-FU & Temozolomide,0.471,0.520,0.451,0.555,0.644,0.61
1,A2058,5-FU,1.08,Temozolomide,250,5-FU & Temozolomide,0.483,0.243,0.254,0.373,0.411,0.442
1,A2058,5-FU,3.25,Temozolomide,2.75,5-FU & Temozolomide,0.822,0.637,0.726,0.724,0.837,0.798
1,A2058,5-FU,3.25,Temozolomide,12.3,5-FU & Temozolomide,0.645,0.653,0.698,0.523,0.78,0.737
1,A2058,5-FU,3.25,Temozolomide,55,5-FU & Temozolomide,0.616,0.500,0.536,0.536,0.683,0.645
1,A2058,5-FU,3.25,Temozolomide,250,5-FU & Temozolomide,0.329,0.304,0.311,0.350,0.421,0.448
1,A2058,5-FU,10,Temozolomide,2.75,5-FU & Temozolomide,0.564,0.526,0.539,0.538,0.686,0.647
1,A2058,5-FU,10,Temozolomide,12.3,5-FU & Temozolomide,0.52,0.446,0.493,0.531,0.655,0.62
1,A2058,5-FU,10,Temozolomide,55,5-FU & Temozolomide,0.532,0.389,0.575,0.483,0.656,0.62
1,A2058,5-FU,10,Temozolomide,250,5-FU & Temozolomide,0.475,0.320,0.454,0.429,0.585,0.562
1,A2058,5-FU,0.35,Zolinza,0.0925,5-FU & Zolinza,1.104,1.016,1.044,0.965,1.015,1.021
1,A2058,5-FU,0.35,Zolinza,0.325,5-FU & Zolinza,1.087,1.031,0.962,0.922,0.998,0.998
1,A2058,5-FU,0.35,Zolinza,1.15,5-FU & Zolinza,0.69,0.867,0.718,0.773,0.851,0.813
1,A2058,5-FU,0.35,Zolinza,4,5-FU & Zolinza,0.12,0.124,0.136,0.106,-0.068,0.227
1,A2058,5-FU,1.08,Zolinza,0.0925,5-FU & Zolinza,0.944,0.991,0.956,0.886,0.974,0.964
1,A2058,5-FU,1.08,Zolinza,0.325,5-FU & Zolinza,0.986,0.938,1.061,0.840,0.98,0.973
1,A2058,5-FU,1.08,Zolinza,1.15,5-FU & Zolinza,0.737,0.707,0.798,0.282,0.835,0.795
1,A2058,5-FU,1.08,Zolinza,4,5-FU & Zolinza,0.13,0.101,0.151,0.120,-0.056,0.231
1,A2058,5-FU,3.25,Zolinza,0.0925,5-FU & Zolinza,0.857,0.791,0.787,0.789,0.88,0.847
1,A2058,5-FU,3.25,Zolinza,0.325,5-FU & Zolinza,0.783,0.724,0.899,0.155,0.856,0.82
1,A2058,5-FU,3.25,Zolinza,1.15,5-FU & Zolinza,0.522,0.536,0.524,0.560,0.678,0.64
1,A2058,5-FU,3.25,Zolinza,4,5-FU & Zolinza,0.179,0.157,0.186,0.139,0.095,0.285
1,A2058,5-FU,10,Zolinza,0.0925,5-FU & Zolinza,0.613,0.544,0.528,0.535,0.686,0.647
1,A2058,5-FU,10,Zolinza,0.325,5-FU & Zolinza,0.525,0.591,0.534,0.549,0.688,0.649
1,A2058,5-FU,10,Zolinza,1.15,5-FU & Zolinza,0.087,0.422,0.405,0.331,0.493,0.495
1,A2058,5-FU,10,Zolinza,4,5-FU & Zolinza,0.121,0.186,0.165,0.140,0.045,0.266
1,A2058,ABT-888,0.35,BEZ-235,0.0045,ABT-888 & BEZ-235,0.968,0.888,0.059,1.028,0.962,0.949
1,A2058,ABT-888,0.35,BEZ-235,0.02,ABT-888 & BEZ-235,0.566,0.648,0.513,0.530,0.695,0.655
1,A2058,ABT-888,0.35,BEZ-235,0.09,ABT-888 & BEZ-235,0.248,0.191,0.196,0.262,0.236,0.347
1,A2058,ABT-888,0.35,BEZ-235,0.4,ABT-888 & BEZ-235,0.126,0.146,0.153,0.157,0.035,0.262
1,A2058,ABT-888,1.08,BEZ-235,0.0045,ABT-888 & BEZ-235,0.984,0.889,0.218,0.944,0.956,0.941
1,A2058,ABT-888,1.08,BEZ-235,0.02,ABT-888 & BEZ-235,0.608,0.606,0.527,0.472,0.712,0.671
1,A2058,ABT-888,1.08,BEZ-235,0.09,ABT-888 & BEZ-235,0.215,0.209,0.174,0.239,0.213,0.336
1,A2058,ABT-888,1.08,BEZ-235,0.4,ABT-888 & BEZ-235,0.172,0.136,0.148,0.133,0.009,0.253
1,A2058,ABT-888,3.25,BEZ-235,0.0045,ABT-888 & BEZ-235,0.797,0.949,0.870,0.894,0.936,0.915
1,A2058,ABT-888,3.25,BEZ-235,0.02,ABT-888 & BEZ-235,0.459,0.607,0.495,0.508,0.65,0.615
1,A2058,ABT-888,3.25,BEZ-235,0.09,ABT-888 & BEZ-235,0.221,0.185,0.168,0.200,0.164,0.314
1,A2058,ABT-888,3.25,BEZ-235,0.4,ABT-888 & BEZ-235,0.108,0.160,0.127,0.142,-0.018,0.244
1,A2058,ABT-888,10,BEZ-235,0.0045,ABT-888 & BEZ-235,0.9,0.943,0.868,0.921,0.952,0.936
1,A2058,ABT-888,10,BEZ-235,0.02,ABT-888 & BEZ-235,0.54,0.504,0.410,0.393,0.602,0.576
1,A2058,ABT-888,10,BEZ-235,0.09,ABT-888 & BEZ-235,0.191,0.229,0.167,0.209,0.183,0.322
1,A2058,ABT-888,10,BEZ-235,0.4,ABT-888 & BEZ-235,0.137,0.125,0.105,0.130,-0.047,0.234
1,A2058,ABT-888,0.35,geldanamycin,0.0223,ABT-888 & geldanamycin,1.046,0.064,0.863,1.001,0.964,0.952
1,A2058,ABT-888,0.35,geldanamycin,0.1,ABT-888 & geldanamycin,0.425,0.376,0.414,0.398,0.542,0.53
1,A2058,ABT-888,0.35,geldanamycin,0.45,ABT-888 & geldanamycin,0.118,0.116,0.113,0.144,-0.091,0.22
1,A2058,ABT-888,0.35,geldanamycin,2,ABT-888 & geldanamycin,0.106,0.091,0.105,0.119,-0.141,0.206
1,A2058,ABT-888,1.08,geldanamycin,0.0223,ABT-888 & geldanamycin,0.99,0.811,0.911,0.963,0.967,0.955
1,A2058,ABT-888,1.08,geldanamycin,0.1,ABT-888 & geldanamycin,0.312,0.285,0.284,0.377,0.386,0.427
1,A2058,ABT-888,1.08,geldanamycin,0.45,ABT-888 & geldanamycin,0.137,0.097,0.107,0.113,-0.12,0.212
1,A2058,ABT-888,1.08,geldanamycin,2,ABT-888 & geldanamycin,0.128,0.110,0.094,0.083,-0.158,0.201
1,A2058,ABT-888,3.25,geldanamycin,0.0223,ABT-888 & geldanamycin,0.831,0.889,0.969,0.832,0.924,0.9
1,A2058,ABT-888,3.25,geldanamycin,0.1,ABT-888 & geldanamycin,0.287,0.272,0.388,0.335,0.407,0.439
1,A2058,ABT-888,3.25,geldanamycin,0.45,ABT-888 & geldanamycin,0.101,0.087,0.105,0.108,-0.153,0.202
1,A2058,ABT-888,3.25,geldanamycin,2,ABT-888 & geldanamycin,0.105,0.104,0.086,0.115,-0.148,0.204
1,A2058,ABT-888,10,geldanamycin,0.0223,ABT-888 & geldanamycin,0.748,0.864,0.905,0.784,0.902,0.873
1,A2058,ABT-888,10,geldanamycin,0.1,ABT-888 & geldanamycin,0.182,0.164,0.211,0.232,0.175,0.319
1,A2058,ABT-888,10,geldanamycin,0.45,ABT-888 & geldanamycin,0.106,0.098,0.082,0.118,-0.159,0.201
1,A2058,ABT-888,10,geldanamycin,2,ABT-888 & geldanamycin,0.072,0.092,0.080,0.079,-0.284,0.169
1,A2058,ABT-888,0.35,MK-8669,0.00011,ABT-888 & MK-8669,0.884,1.019,1.053,1.050,1.017,1.024
1,A2058,ABT-888,0.35,MK-8669,5e-04,ABT-888 & MK-8669,0.833,0.825,0.876,0.846,0.911,0.884
1,A2058,ABT-888,0.35,MK-8669,0.00223,ABT-888 & MK-8669,0.642,0.682,0.772,0.746,0.829,0.789
1,A2058,ABT-888,0.35,MK-8669,0.01,ABT-888 & MK-8669,0.508,0.618,0.107,0.551,0.678,0.64
1,A2058,ABT-888,1.08,MK-8669,0.00011,ABT-888 & MK-8669,1.005,0.910,0.997,0.877,0.976,0.967
1,A2058,ABT-888,1.08,MK-8669,5e-04,ABT-888 & MK-8669,0.289,0.844,0.839,0.874,0.912,0.886
1,A2058,ABT-888,1.08,MK-8669,0.00223,ABT-888 & MK-8669,0.653,0.809,0.713,0.605,0.807,0.765
1,A2058,ABT-888,1.08,MK-8669,0.01,ABT-888 & MK-8669,0.443,0.635,0.516,0.582,0.696,0.656
1,A2058,ABT-888,3.25,MK-8669,0.00011,ABT-888 & MK-8669,0.846,1.043,1.021,0.969,0.997,0.996
1,A2058,ABT-888,3.25,MK-8669,5e-04,ABT-888 & MK-8669,0.806,0.893,0.927,0.762,0.917,0.892
1,A2058,ABT-888,3.25,MK-8669,0.00223,ABT-888 & MK-8669,0.625,0.810,0.699,0.614,0.791,0.748
1,A2058,ABT-888,3.25,MK-8669,0.01,ABT-888 & MK-8669,0.555,0.594,0.525,0.587,0.715,0.674
1,A2058,ABT-888,10,MK-8669,0.00011,ABT-888 & MK-8669,0.973,0.891,0.999,0.968,0.985,0.979
1,A2058,ABT-888,10,MK-8669,5e-04,ABT-888 & MK-8669,0.867,0.691,0.653,0.687,0.811,0.77
1,A2058,ABT-888,10,MK-8669,0.00223,ABT-888 & MK-8669,0.63,0.760,0.619,0.557,0.761,0.718
1,A2058,ABT-888,10,MK-8669,0.01,ABT-888 & MK-8669,0.389,0.689,0.480,0.555,0.666,0.629
1,A2058,ABT-888,0.35,Oxaliplatin,0.75,ABT-888 & Oxaliplatin,1.074,1.041,1.082,1.037,1.028,1.04
1,A2058,ABT-888,0.35,Oxaliplatin,2.25,ABT-888 & Oxaliplatin,1.108,1.061,1.013,1.024,1.021,1.03
1,A2058,ABT-888,0.35,Oxaliplatin,6.75,ABT-888 & Oxaliplatin,0.864,0.896,0.954,0.865,0.935,0.914
1,A2058,ABT-888,0.35,Oxaliplatin,20,ABT-888 & Oxaliplatin,0.548,0.482,0.385,NULL,0.629,0.598
1,A2058,ABT-888,1.08,Oxaliplatin,0.75,ABT-888 & Oxaliplatin,1.034,1.010,1.044,1.039,1.018,1.026
1,A2058,ABT-888,1.08,Oxaliplatin,2.25,ABT-888 & Oxaliplatin,1.01,0.943,1.016,0.947,0.989,0.985
1,A2058,ABT-888,1.08,Oxaliplatin,6.75,ABT-888 & Oxaliplatin,0.839,0.996,0.940,0.907,0.96,0.946
1,A2058,ABT-888,1.08,Oxaliplatin,20,ABT-888 & Oxaliplatin,0.419,0.485,0.476,0.387,0.591,0.568
1,A2058,ABT-888,3.25,Oxaliplatin,0.75,ABT-888 & Oxaliplatin,0.951,0.973,1.015,0.994,0.991,0.988
1,A2058,ABT-888,3.25,Oxaliplatin,2.25,ABT-888 & Oxaliplatin,0.972,0.916,1.010,1.008,0.995,0.993
1,A2058,ABT-888,3.25,Oxaliplatin,6.75,ABT-888 & Oxaliplatin,0.893,0.895,0.859,0.847,0.933,0.911
1,A2058,ABT-888,3.25,Oxaliplatin,20,ABT-888 & Oxaliplatin,0.344,0.511,0.429,0.396,0.551,0.536
1,A2058,ABT-888,10,Oxaliplatin,0.75,ABT-888 & Oxaliplatin,0.963,0.929,0.942,0.726,0.966,0.954
1,A2058,ABT-888,10,Oxaliplatin,2.25,ABT-888 & Oxaliplatin,0.901,0.902,0.955,0.879,0.947,0.93
1,A2058,ABT-888,10,Oxaliplatin,6.75,ABT-888 & Oxaliplatin,0.797,0.846,0.870,0.864,0.92,0.896
1,A2058,ABT-888,10,Oxaliplatin,20,ABT-888 & Oxaliplatin,0.497,0.499,0.477,0.418,0.635,0.603
1,A2058,ABT-888,0.35,Dinaciclib,0.000925,ABT-888 & Dinaciclib,1.001,0.996,0.956,1.047,0.999,0.999
1,A2058,ABT-888,0.35,Dinaciclib,0.00325,ABT-888 & Dinaciclib,0.956,0.985,0.963,1.061,0.987,0.982
1,A2058,ABT-888,0.35,Dinaciclib,0.0115,ABT-888 & Dinaciclib,0.457,0.499,0.550,0.434,0.625,0.595
1,A2058,ABT-888,0.35,Dinaciclib,0.04,ABT-888 & Dinaciclib,0.027,0.040,0.024,0.023,-0.86,0.076
1,A2058,ABT-888,1.08,Dinaciclib,0.000925,ABT-888 & Dinaciclib,0.93,0.933,1.023,1.005,0.984,0.978
1,A2058,ABT-888,1.08,Dinaciclib,0.00325,ABT-888 & Dinaciclib,0.967,0.933,0.917,0.971,0.974,0.964
1,A2058,ABT-888,1.08,Dinaciclib,0.0115,ABT-888 & Dinaciclib,0.567,0.386,0.574,0.305,0.624,0.593
1,A2058,ABT-888,1.08,Dinaciclib,0.04,ABT-888 & Dinaciclib,0.021,0.050,0.029,0.177,-0.644,0.102
1,A2058,ABT-888,3.25,Dinaciclib,0.000925,ABT-888 & Dinaciclib,0.342,0.937,1.016,0.960,0.973,0.963
1,A2058,ABT-888,3.25,Dinaciclib,0.00325,ABT-888 & Dinaciclib,0.891,1.024,0.999,0.957,0.989,0.984
1,A2058,ABT-888,3.25,Dinaciclib,0.0115,ABT-888 & Dinaciclib,0.479,0.288,0.405,0.266,0.462,0.475
1,A2058,ABT-888,3.25,Dinaciclib,0.04,ABT-888 & Dinaciclib,0.036,0.036,0.031,0.033,-0.709,0.094
1,A2058,ABT-888,10,Dinaciclib,0.000925,ABT-888 & Dinaciclib,0.897,0.780,0.890,0.846,0.928,0.905
1,A2058,ABT-888,10,Dinaciclib,0.00325,ABT-888 & Dinaciclib,0.826,0.764,0.963,0.842,0.908,0.88
1,A2058,ABT-888,10,Dinaciclib,0.0115,ABT-888 & Dinaciclib,0.291,0.344,0.138,0.153,0.236,0.347
1,A2058,ABT-888,10,Dinaciclib,0.04,ABT-888 & Dinaciclib,0.023,0.041,0.017,0.029,-0.85,0.077
1,A2058,ABT-888,0.35,MK-8776,0.0925,ABT-888 & MK-8776,0.938,0.994,1.007,0.952,0.986,0.981
1,A2058,ABT-888,0.35,MK-8776,0.325,ABT-888 & MK-8776,0.7,0.877,0.960,0.806,0.912,0.885
1,A2058,ABT-888,0.35,MK-8776,1.15,ABT-888 & MK-8776,0.504,0.584,0.252,0.644,0.691,0.652
1,A2058,ABT-888,0.35,MK-8776,4,ABT-888 & MK-8776,0.447,0.676,0.620,0.646,0.768,0.725
1,A2058,ABT-888,1.08,MK-8776,0.0925,ABT-888 & MK-8776,1.047,1.070,1.053,0.872,1.025,1.035
1,A2058,ABT-888,1.08,MK-8776,0.325,ABT-888 & MK-8776,0.82,0.799,0.800,0.846,0.893,0.862
1,A2058,ABT-888,1.08,MK-8776,1.15,ABT-888 & MK-8776,0.628,0.665,0.638,0.231,0.768,0.725
1,A2058,ABT-888,1.08,MK-8776,4,ABT-888 & MK-8776,0.535,0.502,0.686,0.550,0.69,0.65
1,A2058,ABT-888,3.25,MK-8776,0.0925,ABT-888 & MK-8776,0.903,0.974,0.990,0.860,0.968,0.956
1,A2058,ABT-888,3.25,MK-8776,0.325,ABT-888 & MK-8776,0.695,0.755,0.841,0.694,0.837,0.797
1,A2058,ABT-888,3.25,MK-8776,1.15,ABT-888 & MK-8776,0.341,0.578,0.546,0.483,0.663,0.626
1,A2058,ABT-888,3.25,MK-8776,4,ABT-888 & MK-8776,0.581,0.627,0.554,0.414,0.713,0.671
1,A2058,ABT-888,10,MK-8776,0.0925,ABT-888 & MK-8776,0.759,0.939,0.871,0.758,0.896,0.866
1,A2058,ABT-888,10,MK-8776,0.325,ABT-888 & MK-8776,0.629,0.719,0.838,0.694,0.823,0.783
1,A2058,ABT-888,10,MK-8776,1.15,ABT-888 & MK-8776,0.511,0.436,0.535,0.466,0.637,0.604
1,A2058,ABT-888,10,MK-8776,4,ABT-888 & MK-8776,0.541,0.489,0.678,0.506,0.672,0.635
1,A2058,ABT-888,0.35,SN-38,0.000115,ABT-888 & SN-38,1.027,0.977,0.422,0.300,0.819,0.778
1,A2058,ABT-888,0.35,SN-38,4e-04,ABT-888 & SN-38,0.881,0.854,0.845,0.792,0.917,0.892
1,A2058,ABT-888,0.35,SN-38,0.00143,ABT-888 & SN-38,0.531,0.427,0.313,0.539,0.627,0.596
1,A2058,ABT-888,0.35,SN-38,0.005,ABT-888 & SN-38,0.095,0.092,0.106,0.056,-0.203,0.189
1,A2058,ABT-888,1.08,SN-38,0.000115,ABT-888 & SN-38,0.109,0.970,0.890,0.969,0.963,0.95
1,A2058,ABT-888,1.08,SN-38,4e-04,ABT-888 & SN-38,0.913,0.920,0.928,0.772,0.956,0.941
1,A2058,ABT-888,1.08,SN-38,0.00143,ABT-888 & SN-38,0.545,0.488,0.546,0.473,0.665,0.628
1,A2058,ABT-888,1.08,SN-38,0.005,ABT-888 & SN-38,0.085,0.059,0.064,0.128,-0.317,0.161
1,A2058,ABT-888,3.25,SN-38,0.000115,ABT-888 & SN-38,0.928,0.898,0.921,0.845,0.952,0.935
1,A2058,ABT-888,3.25,SN-38,4e-04,ABT-888 & SN-38,0.961,0.385,0.890,0.852,0.93,0.907
1,A2058,ABT-888,3.25,SN-38,0.00143,ABT-888 & SN-38,0.523,0.465,0.528,0.419,0.642,0.609
1,A2058,ABT-888,3.25,SN-38,0.005,ABT-888 & SN-38,0.135,0.132,0.107,0.075,-0.077,0.225
1,A2058,ABT-888,10,SN-38,0.000115,ABT-888 & SN-38,0.854,0.797,0.885,0.860,0.921,0.897
1,A2058,ABT-888,10,SN-38,4e-04,ABT-888 & SN-38,0.87,0.389,0.764,0.702,0.842,0.803
1,A2058,ABT-888,10,SN-38,0.00143,ABT-888 & SN-38,0.342,0.369,0.308,0.377,0.475,0.483
1,A2058,ABT-888,10,SN-38,0.005,ABT-888 & SN-38,0.103,0.110,0.147,0.133,-0.07,0.227
1,A2058,ABT-888,0.35,Sorafenib,2.5,ABT-888 & Sorafenib,0.169,0.566,0.950,0.528,0.694,0.654
1,A2058,ABT-888,0.35,Sorafenib,5,ABT-888 & Sorafenib,0.163,0.553,1.056,0.752,0.783,0.74
1,A2058,ABT-888,0.35,Sorafenib,10,ABT-888 & Sorafenib,0.145,0.362,0.614,0.283,0.426,0.451
1,A2058,ABT-888,0.35,Sorafenib,20,ABT-888 & Sorafenib,0.077,0.077,0.041,0.039,-0.437,0.136
1,A2058,ABT-888,1.08,Sorafenib,2.5,ABT-888 & Sorafenib,0.065,0.925,1.055,0.195,0.705,0.665
1,A2058,ABT-888,1.08,Sorafenib,5,ABT-888 & Sorafenib,0.348,0.897,1.064,0.232,0.759,0.716
1,A2058,ABT-888,1.08,Sorafenib,10,ABT-888 & Sorafenib,0.313,0.410,0.598,0.207,0.484,0.489
1,A2058,ABT-888,1.08,Sorafenib,20,ABT-888 & Sorafenib,0.053,0.075,0.069,0.043,-0.421,0.139
1,A2058,ABT-888,3.25,Sorafenib,2.5,ABT-888 & Sorafenib,1.061,0.603,1.047,0.133,0.902,0.873
1,A2058,ABT-888,3.25,Sorafenib,5,ABT-888 & Sorafenib,0.968,0.565,1.062,0.147,0.865,0.829
1,A2058,ABT-888,3.25,Sorafenib,10,ABT-888 & Sorafenib,0.491,0.553,0.547,0.158,0.667,0.63
1,A2058,ABT-888,3.25,Sorafenib,20,ABT-888 & Sorafenib,0.03,0.046,0.091,0.062,-0.486,0.127
1,A2058,ABT-888,10,Sorafenib,2.5,ABT-888 & Sorafenib,1.01,0.159,0.923,0.434,0.803,0.761
1,A2058,ABT-888,10,Sorafenib,5,ABT-888 & Sorafenib,1.045,0.204,0.768,0.379,0.718,0.676
1,A2058,ABT-888,10,Sorafenib,10,ABT-888 & Sorafenib,0.449,0.270,0.586,0.292,0.496,0.497
1,A2058,ABT-888,10,Sorafenib,20,ABT-888 & Sorafenib,0.066,0.051,0.012,0.061,-0.465,0.131
1,A2058,ABT-888,0.35,Topotecan,0.0223,ABT-888 & Topotecan,0.799,0.759,0.936,0.764,0.875,0.841
1,A2058,ABT-888,0.35,Topotecan,0.0775,ABT-888 & Topotecan,0.344,0.277,0.306,0.239,0.374,0.42
1,A2058,ABT-888,0.35,Topotecan,0.275,ABT-888 & Topotecan,0.106,0.134,0.124,0.273,-0.04,0.237
1,A2058,ABT-888,0.35,Topotecan,1,ABT-888 & Topotecan,0.067,0.052,0.036,0.088,-0.432,0.137
1,A2058,ABT-888,1.08,Topotecan,0.0223,ABT-888 & Topotecan,0.827,0.758,0.866,0.745,0.882,0.849
1,A2058,ABT-888,1.08,Topotecan,0.0775,ABT-888 & Topotecan,0.293,0.367,0.395,0.354,0.482,0.488
1,A2058,ABT-888,1.08,Topotecan,0.275,ABT-888 & Topotecan,0.089,0.106,0.112,0.090,-0.18,0.195
1,A2058,ABT-888,1.08,Topotecan,1,ABT-888 & Topotecan,0.073,0.076,0.128,0.125,-0.166,0.199
1,A2058,ABT-888,3.25,Topotecan,0.0223,ABT-888 & Topotecan,0.8,0.736,0.837,0.860,0.898,0.868
1,A2058,ABT-888,3.25,Topotecan,0.0775,ABT-888 & Topotecan,0.324,0.379,0.564,0.381,0.509,0.506
1,A2058,ABT-888,3.25,Topotecan,0.275,ABT-888 & Topotecan,0.089,0.127,0.141,0.080,-0.13,0.209
1,A2058,ABT-888,3.25,Topotecan,1,ABT-888 & Topotecan,0.172,0.209,0.180,0.208,0.168,0.315
1,A2058,ABT-888,10,Topotecan,0.0223,ABT-888 & Topotecan,0.869,0.685,0.778,0.804,0.881,0.848
1,A2058,ABT-888,10,Topotecan,0.0775,ABT-888 & Topotecan,0.336,0.402,0.242,0.373,0.474,0.482
1,A2058,ABT-888,10,Topotecan,0.275,ABT-888 & Topotecan,0.137,0.125,0.105,0.072,-0.097,0.218
1,A2058,ABT-888,10,Topotecan,1,ABT-888 & Topotecan,0.2,0.154,0.276,0.219,0.206,0.333
1,A2058,BEZ-235,0.0045,Oxaliplatin,0.75,BEZ-235 & Oxaliplatin,0.959,0.870,0.934,0.947,0.969,0.958
1,A2058,BEZ-235,0.0045,Oxaliplatin,2.25,BEZ-235 & Oxaliplatin,0.968,0.117,0.126,0.176,0.04,0.264
1,A2058,BEZ-235,0.0045,Oxaliplatin,6.75,BEZ-235 & Oxaliplatin,0.915,0.881,0.876,0.958,0.946,0.927
1,A2058,BEZ-235,0.0045,Oxaliplatin,20,BEZ-235 & Oxaliplatin,0.502,0.646,0.600,0.491,0.698,0.658
1,A2058,BEZ-235,0.02,Oxaliplatin,0.75,BEZ-235 & Oxaliplatin,0.121,0.530,0.570,0.164,0.463,0.475
1,A2058,BEZ-235,0.02,Oxaliplatin,2.25,BEZ-235 & Oxaliplatin,0.577,0.476,0.566,0.568,0.712,0.671
1,A2058,BEZ-235,0.02,Oxaliplatin,6.75,BEZ-235 & Oxaliplatin,0.531,0.586,0.582,0.591,0.727,0.685
1,A2058,BEZ-235,0.02,Oxaliplatin,20,BEZ-235 & Oxaliplatin,0.298,0.331,0.403,0.427,0.491,0.494
1,A2058,BEZ-235,0.09,Oxaliplatin,0.75,BEZ-235 & Oxaliplatin,0.221,0.230,0.231,0.201,0.245,0.351
1,A2058,BEZ-235,0.09,Oxaliplatin,2.25,BEZ-235 & Oxaliplatin,0.242,0.246,0.227,0.235,0.272,0.365
1,A2058,BEZ-235,0.09,Oxaliplatin,6.75,BEZ-235 & Oxaliplatin,0.224,0.220,0.209,0.201,0.218,0.338
1,A2058,BEZ-235,0.09,Oxaliplatin,20,BEZ-235 & Oxaliplatin,0.169,0.164,0.171,0.176,0.101,0.288
1,A2058,BEZ-235,0.4,Oxaliplatin,0.75,BEZ-235 & Oxaliplatin,0.179,0.171,0.147,0.177,0.112,0.292
1,A2058,BEZ-235,0.4,Oxaliplatin,2.25,BEZ-235 & Oxaliplatin,0.137,0.152,0.164,0.164,0.062,0.272
1,A2058,BEZ-235,0.4,Oxaliplatin,6.75,BEZ-235 & Oxaliplatin,0.151,0.137,0.166,0.143,0.027,0.26
1,A2058,BEZ-235,0.4,Oxaliplatin,20,BEZ-235 & Oxaliplatin,0.062,0.077,0.068,0.078,-0.331,0.158
1,A2058,BEZ-235,0.0045,Dinaciclib,0.000925,BEZ-235 & Dinaciclib,1.013,0.955,0.858,0.861,0.951,0.934
1,A2058,BEZ-235,0.0045,Dinaciclib,0.00325,BEZ-235 & Dinaciclib,1.025,0.857,0.819,0.846,0.918,0.893
1,A2058,BEZ-235,0.0045,Dinaciclib,0.0115,BEZ-235 & Dinaciclib,0.752,0.466,0.436,0.515,0.638,0.606
1,A2058,BEZ-235,0.0045,Dinaciclib,0.04,BEZ-235 & Dinaciclib,0.019,0.015,0.015,0.019,-1.063,0.057
1,A2058,BEZ-235,0.02,Dinaciclib,0.000925,BEZ-235 & Dinaciclib,0.707,0.603,0.509,0.491,0.702,0.662
1,A2058,BEZ-235,0.02,Dinaciclib,0.00325,BEZ-235 & Dinaciclib,0.601,0.523,0.630,0.536,0.714,0.672
1,A2058,BEZ-235,0.02,Dinaciclib,0.0115,BEZ-235 & Dinaciclib,0.258,0.262,0.181,0.257,0.311,0.385
1,A2058,BEZ-235,0.02,Dinaciclib,0.04,BEZ-235 & Dinaciclib,0.01,0.007,0.008,0.008,-1.432,0.034
1,A2058,BEZ-235,0.09,Dinaciclib,0.000925,BEZ-235 & Dinaciclib,0.206,0.199,0.221,0.252,0.216,0.337
1,A2058,BEZ-235,0.09,Dinaciclib,0.00325,BEZ-235 & Dinaciclib,0.226,0.251,0.224,0.188,0.242,0.35
1,A2058,BEZ-235,0.09,Dinaciclib,0.0115,BEZ-235 & Dinaciclib,0.121,0.144,0.104,0.108,-0.099,0.218
1,A2058,BEZ-235,0.09,Dinaciclib,0.04,BEZ-235 & Dinaciclib,0.009,0.008,0.009,0.005,-1.431,0.034
1,A2058,BEZ-235,0.4,Dinaciclib,0.000925,BEZ-235 & Dinaciclib,0.138,0.056,0.126,0.153,-0.028,0.24
1,A2058,BEZ-235,0.4,Dinaciclib,0.00325,BEZ-235 & Dinaciclib,0.15,0.122,0.119,0.156,-0.011,0.246
1,A2058,BEZ-235,0.4,Dinaciclib,0.0115,BEZ-235 & Dinaciclib,0.06,0.023,0.054,0.039,-0.556,0.116
1,A2058,BEZ-235,0.4,Dinaciclib,0.04,BEZ-235 & Dinaciclib,0.003,0.005,0.008,0.006,-1.638,0.026
1,A2058,BEZ-235,0.0045,MK-8776,0.0925,BEZ-235 & MK-8776,0.971,0.964,0.906,1.054,0.983,0.977
1,A2058,BEZ-235,0.0045,MK-8776,0.325,BEZ-235 & MK-8776,0.881,0.844,0.634,0.965,0.925,0.901
1,A2058,BEZ-235,0.0045,MK-8776,1.15,BEZ-235 & MK-8776,0.506,0.518,0.444,0.481,0.642,0.608
1,A2058,BEZ-235,0.0045,MK-8776,4,BEZ-235 & MK-8776,0.542,0.570,0.428,0.598,0.702,0.662
